{"cameraMode":{"drawMode":0,"name":"Shaded","section":"Shading Mode"},"sceneLighting":true,"audioPlay":false,"sceneViewState":{"showFog":false,"showMaterialUpdate":false,"showSkybox":false,"showFlares":false,"showImageEffects":false,"showParticleSystems":false},"in2DMode":false,"pivot":{"x":2.501321792602539,"y":11.295933723449707,"z":-2.3351407051086427},"rotation":{"x":0.09224212169647217,"y":0.8347638249397278,"z":-0.14687901735305787,"w":0.522693932056427},"size":45.374229431152347,"orthographic":false}