{"cameraMode":{"drawMode":0,"name":"Shaded","section":"Shading Mode"},"sceneLighting":true,"audioPlay":false,"sceneViewState":{"showFog":false,"showMaterialUpdate":false,"showSkybox":false,"showFlares":false,"showImageEffects":false,"showParticleSystems":false},"in2DMode":false,"pivot":{"x":0.22936439514160157,"y":-0.8797740936279297,"z":3.513059377670288},"rotation":{"x":-0.21498607099056245,"y":-0.6463904976844788,"z":0.19689780473709107,"w":-0.70516437292099},"size":15.622520446777344,"orthographic":false}