{"cameraMode":{"drawMode":0,"name":"Shaded","section":"Shading Mode"},"sceneLighting":false,"audioPlay":false,"sceneViewState":{"showFog":false,"showMaterialUpdate":false,"showSkybox":false,"showFlares":false,"showImageEffects":false,"showParticleSystems":false},"in2DMode":false,"pivot":{"x":1.1539101600646973,"y":1.1585042476654053,"z":0.25556182861328127},"rotation":{"x":-0.08914943784475327,"y":-0.9051310420036316,"z":0.23474521934986115,"w":-0.343132346868515},"size":12.989374160766602,"orthographic":false}