{"cameraMode":{"drawMode":0,"name":"Shaded","section":"Shading Mode"},"sceneLighting":false,"audioPlay":false,"sceneViewState":{"showFog":false,"showMaterialUpdate":false,"showSkybox":false,"showFlares":false,"showImageEffects":false,"showParticleSystems":false},"in2DMode":false,"pivot":{"x":0.007207393646240234,"y":1.5646793842315674,"z":0.09525632858276367},"rotation":{"x":-0.2664726674556732,"y":-0.2805604338645935,"z":0.08125335723161698,"w":-0.9185492396354675},"size":10.883426666259766,"orthographic":false}