{"cameraMode":{"drawMode":0,"name":"Shaded","section":"Shading Mode"},"sceneLighting":false,"audioPlay":false,"sceneViewState":{"showFog":false,"showMaterialUpdate":false,"showSkybox":false,"showFlares":false,"showImageEffects":false,"showParticleSystems":false},"in2DMode":false,"pivot":{"x":-0.07294578105211258,"y":-0.3054407238960266,"z":-0.28084444999694826},"rotation":{"x":0.05144810304045677,"y":-0.9423068761825562,"z":0.2825727164745331,"w":0.17210489511489869},"size":8.466569900512696,"orthographic":false}