{"cameraMode":{"drawMode":0,"name":"Shaded","section":"Shading Mode"},"sceneLighting":true,"audioPlay":false,"sceneViewState":{"showFog":false,"showMaterialUpdate":false,"showSkybox":false,"showFlares":false,"showImageEffects":false,"showParticleSystems":false},"in2DMode":false,"pivot":{"x":3.64670467376709,"y":0.7664278149604797,"z":4.105584144592285},"rotation":{"x":-0.22620779275894166,"y":-0.11605250090360642,"z":0.026929842308163644,"w":-0.966809868812561},"size":8.721351623535157,"orthographic":false}