{"cameraMode":{"drawMode":0,"name":"Shaded","section":"Shading Mode"},"sceneLighting":true,"audioPlay":false,"sceneViewState":{"showFog":false,"showMaterialUpdate":false,"showSkybox":false,"showFlares":false,"showImageEffects":false,"showParticleSystems":false},"in2DMode":false,"pivot":{"x":0.7200000286102295,"y":1.3799999952316285,"z":0.9810000061988831},"rotation":{"x":0.43587058782577517,"y":-0.05222591012716293,"z":0.0255730040371418,"w":0.8981876969337463},"size":22.0,"orthographic":false}