{"cameraMode":{"drawMode":0,"name":"Shaded","section":"Shading Mode"},"sceneLighting":false,"audioPlay":false,"sceneViewState":{"showFog":false,"showMaterialUpdate":false,"showSkybox":false,"showFlares":false,"showImageEffects":false,"showParticleSystems":false},"in2DMode":false,"pivot":{"x":-0.023183345794677736,"y":-0.02032005786895752,"z":0.0729457288980484},"rotation":{"x":-0.06320371478796005,"y":-0.9359909892082214,"z":0.22189515829086305,"w":-0.2659708261489868},"size":8.466567993164063,"orthographic":false}